{"params": ["omegam", "h"], "x0": [0.31, 0.68], "lnA0": 3.047, "derivs0": [[0.8150943198347852], [[2.000407557333539], [2.0980172093969296]], [[[-6.043071612429052], [2.2944881632827485]], [[2.2944881632827596], [0.23693804687474618]]], [[[[22.67279970587177], [-14.06016649045605]], [[-14.06016649045605], [-4.131053696038167]]], [[[-14.060166490456094], [-4.131053696038167]], [[-4.131053696038167], [-2.6908846482709414]]]], [[[[[-108.43764109780274], [71.83008907962751]], [[71.83008907948869], [-6.931369447904512]]], [[[71.83008907949207], [-6.931369447904512]], [[-6.931369447932267], [-11.532479457454503]]]], [[[[71.83008907949198], [-6.931369447904512]], [[-6.931369447932223], [-11.532479457454503]]], [[[-6.931369447933378], [-11.532479457454503]], [[-11.532479457510014], [-5.360910947771469]]]]], [[[[[[-12949.794657013403], [1042.7887219999207]], [[1042.7887220013108], [1859.1580339843983]]], [[[1042.7887220014754], [1859.1580339843983]], [[1859.1580339843983], [2094.5509007025407]]]], [[[[1042.788722001475], [1859.1580339843983]], [[1859.1580339843983], [2094.5509007025407]]], [[[1859.1580339843983], [2094.5509007025407]], [[2094.5509007039286], [2608.4440959944777]]]]], [[[[[1042.7887220014754], [1859.158033984398]], [[1859.1580339843986], [2094.5509007025407]]], [[[1859.158033984398], [2094.5509007025407]], [[2094.5509007039286], [2608.4440959944777]]]], [[[[1859.1580339844068], [2094.5509007025407]], [[2094.550900703931], [2608.4440959944777]]], [[[2094.5509007042065], [2608.4440959944777]], [[2608.444095997253], [4265.001500303179]]]]]]]}